category,species,enamel_u,enamel_sd,enamel_n,keratin_u,keratin_sd,keratin_n,diet_u,diet_sd,diet_n,per_c4,hi,mass,c3_u,c3_sd,c4_u,c4_sd
Aepycerotini,Aepceros melampus,-6,3,38,-14.9,1.4,12,-19.3,2.7,50,52,4.89,45,0.526,0.06,0.474,0.06
Alcelaphini,Alcelaphus buselaphus,2.2,1.3,31,-8.8,0.6,4,-11.8,1.2,35,100,5.23,126,0.07,0.039,0.93,0.039
Cephalophini,Cephalophus dorsalis,-15.3,0.7,4,nan,nan,nan,-29,0.7,4,0,1.15,22,0.874,0.07,0.126,0.07
Cephalophini,Cephalophus leucogaster,-15.2,0.7,4,nan,nan,nan,-28.9,0.7,4,0,nan,12,0.873,0.072,0.127,0.072
Cephalophini,Cephalophus monticola,-14.5,nan,1,-22.3,nan,1,-26.8,2,2,0,1.9,5,0.827,0.089,0.173,0.089
Cephalophini,Cephalophus natalensis,nan,nan,nan,-24.1,0.3,3,-27.7,0.3,3,0,nan,14,0.85,0.082,0.15,0.082
Cephalophini,Cephalophus nigrifron,-15.5,nan,1,-23.9,0.3,3,-27.7,1.3,4,0,nan,18,0.85,0.08,0.15,0.08
Cephalophini,Cephalophus silvicultor,-15.2,1.3,2,nan,nan,nan,-28.9,1.3,2,0,2.23,68,0.872,0.072,0.128,0.072
Cephalophini,Cephalophus weynsi,-15.9,0.1,2,nan,nan,nan,-29.6,0.1,2,0,nan,nan,0.883,0.065,0.117,0.065
Alcelaphini,Connochaetes taurinus,1.9,1.3,38,-7.9,0.7,5,-11.9,1.3,43,100,4.94,163,0.074,0.042,0.926,0.042
Alcelaphini,Damaliscus hunteri,0.3,0.3,3,-10.4,0.2,2,-13.5,0.2,5,92,4.14,80,0.123,0.059,0.877,0.059
Alcelaphini,Damaliscus lunatus,1.9,1,11,nan,nan,nan,-12.1,1,11,100,5.1,108,0.079,0.045,0.921,0.045
Antilopini,Gazella thomsonii,-3.7,2.8,9,-13.6,2.5,22,-16.9,2.6,31,28,3.77,18,0.323,0.091,0.677,0.091
Antilopini,Gazella granti,-11,3.3,40,-20.3,2.4,39,-24,3,79,22,3.45,45,0.733,0.11,0.267,0.11
Hippotragini,Hippotragus equinus,3.6,1.3,2,nan,nan,nan,-10.4,1.3,2,100,4.28,260,0.048,0.03,0.952,0.03
Hippotragini,Hippotragus niger,1,2.5,4,nan,nan,nan,-12.9,2.4,4,94,3.77,220,0.101,0.054,0.899,0.054
Reduncini,Kobus ellipsiprymnus,0.6,1.1,31,-10.5,1.5,2,-13.4,1.1,33,92,3.47,186,0.12,0.057,0.88,0.057
Reduncini,Kobus kob,1.1,0.4,9,-9.8,0.3,2,-12.8,1.2,11,95,3.72,63,0.098,0.053,0.902,0.053
Antilopini,Litrocranius walleri,-11.8,1.5,8,-21.5,0.8,3,-25.3,1.4,11,11,1.32,31,0.786,0.101,0.214,0.101
Neotragini,Madoqua guentheri,-12.3,1.8,16,-21.6,0.7,3,-25.8,1.7,19,1,2.63,4,0.799,0.095,0.201,0.095
Neotragini,Madoqua kirkii,-12.9,1.1,6,-20.4,nan,1,-26.1,1.6,7,0,2.63,5,0.809,0.093,0.191,0.093
Neotragini,Neotragus batesi,-25.2,0.7,3,nan,nan,nan,-38.8,0.7,3,0,2.94,3,0.956,0.028,0.044,0.028
Neotragini,Neotragus moschatus,nan,nan,nan,-24.5,nan,1,-27.5,nan,1,0,nan,7,0.845,0.083,0.155,0.083
Neotragini,Oreotragus oreotragus,nan,nan,nan,-22.4,nan,1,-25.4,nan,1,4,3.82,13,0.789,0.097,0.211,0.097
Hippotragini,Oryx gazella,-0.5,1.5,16,-10.3,2.5,3,-14.2,1.7,19,88,3.37,162,0.159,0.069,0.841,0.069
Neotragini,Ourebia ourebi,-5.3,nan,1,-9.7,3.6,3,-14.4,4.3,4,84,3.8,11,0.168,0.069,0.832,0.069
Neotragini,Raphicerus campestris,nan,nan,nan,-21.3,nan,1,-24.3,nan,1,18,3.44,11,0.748,0.107,0.252,0.107
Reduncini,Redunca fulvorufula,1,nan,1,nan,nan,nan,-12.9,nan,1,94,3.79,29,0.101,0.052,0.899,0.052
Reduncini,Redunca redunca,2.1,1.8,9,nan,nan,nan,-11.9,1.8,9,100,nan,40,0.073,0.042,0.927,0.042
Cephalophini,Sylvicapra grimmia,nan,nan,nan,-23,1.4,9,-26,1.4,9,0,2.97,15,0.806,0.094,0.194,0.094
Bovini,Syncerus caffer Forest,-6.5,5.4,13,-14,6.6,4,-19.5,5.5,17,52,nan,nan,0.495,0.115,0.505,0.115
Bovini,Syncerus caffer Savanna,1.1,1,74,-10.6,1.4,20,-13,1.1,94,100,3,576,0.104,0.054,0.896,0.054
Tragelaphini,Taurotragus oryx,-10.6,1.3,16,-21.6,nan,1,-24.7,1.2,17,18,2.91,392,0.761,0.105,0.239,0.105
Tragelaphini,Tragelaphus eurycerus,-14.9,0.4,2,-25.1,nan,1,-28.4,0.4,3,0,1.92,240,0.866,0.074,0.134,0.074
Tragelaphini,Tragelaphus imberbis,-12.5,0.8,4,nan,nan,nan,-26.2,0.8,4,0,1.97,62,0.815,0.093,0.185,0.093
Tragelaphini,Tragelaphus scriptus,-13.9,0.2,2,-26.2,2.3,5,-28.7,2.1,7,0,2.54,42,0.869,0.072,0.131,0.072
Tragelaphini,Tragelaphus spekii,-16.7,1.1,3,nan,nan,nan,-25.5,1.1,3,0,2.9,53,0.79,0.099,0.21,0.099
Tragelaphini,Tragelaphus strepsiceros,-11.8,1,4,nan,nan,nan,-25.5,1,4,4,2.29,170,0.786,0.098,0.214,0.098
