category,family,species,d13c,region,c3c4
"Mongolia, C3 grasses and sedges, 1996",Cyperaceae,Carex rhynchophysa,-27.6,nan,c3
"Mongolia, C3 grasses and sedges, 1996",Gramineae,Agrostis trinii,-27.4,nan,c3
"Mongolia, C3 grasses and sedges, 1996",Gramineae,Lasiagrostis splendens,-23.6,nan,c3
"Mongolia, C3 grasses and sedges, 1996",Gramineae,Lemus chenensis,-25.3,nan,c3
"Mongolia, C3 grasses and sedges, 1996",Gramineae,Ptilogrostis mongolica,-24.2,nan,c3
"Mongolia, C3 grasses and sedges, 1996",Gramineae,Stipa krylovii,-23.6,nan,c3
"Tierra del Fuego, Argentina, C3 grasses",Gramineae,Agropyron antarticum,-25.4,E. M. Behety,c3
"Tierra del Fuego, Argentina, C3 grasses",Gramineae,Agrostis magellanica,-27,Bahia Brien,c3
"Tierra del Fuego, Argentina, C3 grasses",Gramineae,Agrostis meyenii,-27.7,E. Sara,c3
"Tierra del Fuego, Argentina, C3 grasses",Gramineae,Agrostis sp.,-26.7,Harberton,c3
"Tierra del Fuego, Argentina, C3 grasses",Gramineae,Agrostis sp.,-26.3,Ensenada Bay,c3
"Tierra del Fuego, Argentina, C3 grasses",Gramineae,Agrostis stolonifera,-27.3,Harberton,c3
"Tierra del Fuego, Argentina, C3 grasses",Gramineae,Agrostis tenuis,-27.6,Harberton,c3
"Tierra del Fuego, Argentina, C3 grasses",Gramineae,Alopercurus magellanicus,-26.9,E. S. Vidal,c3
"Tierra del Fuego, Argentina, C3 grasses",Gramineae,Bromus araucanus,-28.4,Bahia Valentia,c3
"Tierra del Fuego, Argentina, C3 grasses",Gramineae,Bromus coloratus,-27.8,C. San Sebastian,c3
"Tierra del Fuego, Argentina, C3 grasses",Gramineae,Bromus pellitus,-30.5,Cabo E. Santo,c3
"Tierra del Fuego, Argentina, C3 grasses",Gramineae,Dactylis glomerata,-28.8,Lago Fagnano,c3
"Tierra del Fuego, Argentina, C3 grasses",Gramineae,Deschampsia flexuosa,-26.1,E. M. Christina,c3
"Tierra del Fuego, Argentina, C3 grasses",Gramineae,Elymus antarcticus,-28.1,E. S. Salvador,c3
"Tierra del Fuego, Argentina, C3 grasses",Gramineae,Festuca rubra,-29.2,Harberton,c3
"Tierra del Fuego, Argentina, C3 grasses",Gramineae,Festuca sp.,-26.5,E. Sara,c3
"Tierra del Fuego, Argentina, C3 grasses",Gramineae,Festuca sp.,-27.8,Harberton,c3
"Tierra del Fuego, Argentina, C3 grasses",Gramineae,Festuca sp.,-27.1,Ensenada Bay,c3
"Tierra del Fuego, Argentina, C3 grasses",Gramineae,Hordeum cf. composum,-24.4,Ensenada Bay,c3
"Tierra del Fuego, Argentina, C3 grasses",Gramineae,Hordeum pubiflorum,-27.6,Canodon tortuga,c3
"Tierra del Fuego, Argentina, C3 grasses",Gramineae,Poa pungionifolia,-26.4,N. Isla Grande,c3
"Tierra del Fuego, Argentina, C3 grasses",Gramineae,Poa trvialis,-33.9,Harberton,c3
"Tierra del Fuego, Argentina, C3 grasses",Gramineae,Trisetum phleoides,-28.5,E. M. Christina,c3
"Tierra del Fuego, Argentina, C3 grasses",Gramineae,Trisetum spicatum,-26.8,Cabo E. Santo,c3
"Hogle Zoo, Utah, large-animal feed",nan,Meadow Hay,-26.8,N. Utah,c3
"Hogle Zoo, Utah, large-animal feed",nan,Alphalfa pellets,-27,N. Utah,c3
"Hogle Zoo, Utah, large-animal feed",nan,Alphalfa hay,-27.9,N. Utah,c3
"Hogle Zoo, Utah, large-animal feed",nan,Hay cube,-27.9,N. Utah,c3
"Hogle Zoo, Utah, large-animal feed",nan,Grass hay,-25.4,N. Utah,c3
"Hogle Zoo, Utah, large-animal feed",nan,Grass hay,-26.7,N. Utah,c3
"Hogle Zoo, Utah, large-animal feed",nan,Grass hay,-24.5,N. Utah,c3
"Ituri Forest, Zaire (subcanopy browse)",Connaraceae,Agelaea paradoxa,-34.5,Epulu,c3
"Ituri Forest, Zaire (subcanopy browse)",Rubiaceae,Aidia micrantha,-33,Epulu,c3
"Ituri Forest, Zaire (subcanopy browse)",Maranthaceae,Ataenidia conferta,-36.5,Epulu,c3
"Ituri Forest, Zaire (subcanopy browse)",Euphorbiaceae,Alchornea floribunda,-33.4,Epulu,c3
"Ituri Forest, Zaire (subcanopy browse)",Caesalpiniaceae,Anthonotha macrophylla,-31,Epulu,c3
"Ituri Forest, Zaire (subcanopy browse)",Caesalpiniaceae,Cynometra alexandri,-33.7,Epulu,c3
"Ituri Forest, Zaire (subcanopy browse)",Ebenaceae,Diospyros bipendensis,-32.1,Epulu,c3
"Ituri Forest, Zaire (subcanopy browse)",Flacourtiaceae,Homalium africana,-35.4,Epulu,c3
"Ituri Forest, Zaire (subcanopy browse)",Flacourtiaceae,Homalium africana,-34.3,Epulu,c3
"Ituri Forest, Zaire (subcanopy browse)",Gramineae,Leptaspis zeylanica,-32.2,Epulu,c3
"Ituri Forest, Zaire (subcanopy browse)",Maranthaceae,Megaphrynium macrostachyum,-36.2,Epulu,c3
"Ituri Forest, Zaire (subcanopy browse)",Violaceae,Rinorea sp.,-34.4,Epulu,c3
"Ituri Forest, Zaire (subcanopy browse)",Sterculiaceae,Scaphopetalum dewevrei,-36,Epulu,c3
"Ituri Forest, Zaire (subcanopy browse)",Urticaceae,Urea cameroonensis,-34.9,Epulu,c3
"Kenya, C3 dicots and monocots",Malvaceae,Abutilon longicuspa,-28.1,Abardares,c3
"Kenya, C3 dicots and monocots",Leguminosae,Acacia depanolobium,-25,Mpala,c3
"Kenya, C3 dicots and monocots",Leguminosae,Acacia elatior,-26.2,Turkana Basin,c3
"Kenya, C3 dicots and monocots",Leguminosae,Acacia etbaica,-27.9,Mpala,c3
"Kenya, C3 dicots and monocots",Leguminosae,Acacia horrida,-23.3,Samburu,c3
"Kenya, C3 dicots and monocots",Leguminosae,Acacia mellifera,-28.2,Athi Plains,c3
"Kenya, C3 dicots and monocots",Leguminosae,Acacia nunica,-28.7,Turkana Basin,c3
"Kenya, C3 dicots and monocots",Leguminosae,Acacia reficiens,-26.7,Turkana Basin,c3
"Kenya, C3 dicots and monocots",Leguminosae,Acacia sennegal,-27.4,Turkana Basin,c3
"Kenya, C3 dicots and monocots",Leguminosae,Acacia seyel var. fistula,-28.4,Mpala,c3
"Kenya, C3 dicots and monocots",Leguminosae,Acacia tortilis,-25.3,Turkana Basin,c3
"Kenya, C3 dicots and monocots",Leguminosae,Acacia tortilis,-24.6,Turkana Basin,c3
"Kenya, C3 dicots and monocots",Leguminosae,Acacia tortilis,-29.2,Turkana Basin,c3
"Kenya, C3 dicots and monocots",Leguminosae,Acacia tortilis,-27.9,Turkana Basin,c3
"Kenya, C3 dicots and monocots",Leguminosae,Acacia tortilis,-27.4,Samburu,c3
"Kenya, C3 dicots and monocots",Leguminosae,Acacia xanthophloea,-28.2,Athi Plains,c3
"Kenya, C3 dicots and monocots",Leguminosae,Acacia xanthophloea,-28.1,Athi Plains,c3
"Kenya, C3 dicots and monocots",Balinitaceae,Balanites orbicularis,-29.2,Turkana Basin,c3
"Kenya, C3 dicots and monocots",Balinitaceae,Balanites orbicularis,-28,Turkana Basin,c3
"Kenya, C3 dicots and monocots",Acanthaceae,Barleria acanthoides,-27,Turkana Basin,c3
"Kenya, C3 dicots and monocots",Capparaceae,Boscia coriacae,-28.4,Turkana Basin,c3
"Kenya, C3 dicots and monocots",Capparaceae,Boscia coriacae,-26.1,Turkana Basin,c3
"Kenya, C3 dicots and monocots",Capparaceae,Cadaba rotundifolia,-30.5,Turkana Basin,c3
"Kenya, C3 dicots and monocots",Combretaceae,Combretum denhardtliorum,-25.9,Turkana Basin,c3
"Kenya, C3 dicots and monocots",Burseraceae,Commiphora schimperi,-27.4,Turkana Basin,c3
"Kenya, C3 dicots and monocots",Burseraceae,Commiphora sp.,-27.8,Samburu,c3
"Kenya, C3 dicots and monocots",Burseraceae,Commiphora sp.,-30.9,Athi Plains,c3
"Kenya, C3 dicots and monocots",Rubiaceae,Conostyomium keniense,-27.9,Turkana Basin,c3
"Kenya, C3 dicots and monocots",Boraginaceae,Cordia gharaf,-24.9,Turkana Basin,c3
"Kenya, C3 dicots and monocots",Boraginaceae,Cordia sinensis,-26.1,Turkana Basin,c3
"Kenya, C3 dicots and monocots",Papilionaceae,Crotolaria agatufolia,-28.6,Abardares,c3
"Kenya, C3 dicots and monocots",Curcurbitaceae,Cucumis sp.,-27.5,Turkana Basin,c3
"Kenya, C3 dicots and monocots",Salvadoraceae,Dobera glabra,-25.4,Turkana Basin,c3
"Kenya, C3 dicots and monocots",Salvadoraceae,Dobera glabra,-27.6,Turkana Basin,c3
"Kenya, C3 dicots and monocots",Flacourtiaceae,Dovyalis abyssinica,-26.3,Abardares,c3
"Kenya, C3 dicots and monocots",Asclepiadaceae,Dregea abyssinica,-28.1,Turkana Basin,c3
"Kenya, C3 dicots and monocots",Euphorbiaceae,Euphorbia cuneata,-27.4,Turkana Basin,c3
"Kenya, C3 dicots and monocots",Tiliaceae,Grewia tembensis,-27.5,Turkana Basin,c3
"Kenya, C3 dicots and monocots",Palmae,Hyphaene coriacea,-24.8,Turkana Basin,c3
"Kenya, C3 dicots and monocots",Palmae,Hyphaene coriacea,-27,Turkana Basin,c3
"Kenya, C3 dicots and monocots",Bignoniaceae,Kigelia africana,-28.9,Samburu,c3
"Kenya, C3 dicots and monocots",Euphorbiaceae,Lawsonia inermis,-27.1,Turkana Basin,c3
"Kenya, C3 dicots and monocots",Capparaceae,Maerua angloensis,-25.7,Turkana Basin,c3
"Kenya, C3 dicots and monocots",Labiatae,Ocimum suave,-28.3,Abardares,c3
"Kenya, C3 dicots and monocots",Malvaceae,Pavonia sp.,-25.6,Turkana Basin,c3
"Kenya, C3 dicots and monocots",Salvadoraceae,Salvadora persica,-26.5,Turkana Basin,c3
"Kenya, C3 dicots and monocots",Salvadoraceae,Salvadora persica,-26.3,Turkana Basin,c3
"Kenya, C3 dicots and monocots",Salvadoraceae,Salvadora sp.,-29.2,Samburu,c3
"Kenya, C3 dicots and monocots",Salvadoraceae,Salvadora sp.,-27.9,Samburu,c3
"Kenya, C3 dicots and monocots",Amaranthaceae,Sericocomopsis pallida,-29.9,Turkana Basin,c3
"Kenya, C3 dicots and monocots",Pedaliaceae,Sesamum alatum,-28.1,Turkana Basin,c3
"Kenya, C3 dicots and monocots",Solanaceae,Solanum aculeastrum,-27.9,Abardares,c3
"Kenya, C3 dicots and monocots",Solanaceae,Solanum incanum,-27.1,Abardares,c3
"Kenya, C3 dicots and monocots",Urticaceae,Urtica masaica,-28.2,Abardares,c3
"Kenya, C3 dicots and monocots",Rhamnaceae,Ziziphus mauritania,-28.8,Turkana Basin,c3
"Kenya, C3 dicots and monocots",Rhamnaceae,Ziziphus mauritania,-26,Turkana Basin,c3
"Kenya, NADP grasses, 1997",Gramineae,Cenchrus ciliaris,-11.7,Mpala,c4
"Kenya, NADP grasses, 1997",Gramineae,Cenchrus ciliaris,-12.8,Samburu,c4
"Kenya, NADP grasses, 1997",Gramineae,Cenchrus ciliaris,-12.2,Samburu,c4
"Kenya, NADP grasses, 1997",Gramineae,Digitaria nuda,-11.1,Athi Plains,c4
"Kenya, NADP grasses, 1997",Gramineae,Digitaria mombasana,-11.6,Mpala,c4
"Kenya, NADP grasses, 1997",Gramineae,Hyparrhenia diplandra,-11.8,Athi Plains,c4
"Kenya, NADP grasses, 1997",Gramineae,Hyparrhenia hirta,-12,Athi Plains,c4
"Kenya, NADP grasses, 1997",Gramineae,Hyparrhenia dregeana,-12.9,Timau,c4
"Kenya, NADP grasses, 1997",Gramineae,Hyparrhenia dregeana,-11.7,Timau,c4
"Kenya, NADP grasses, 1997",Gramineae,Hyparrhenia variabilis,-12.3,Athi Plains,c4
"Kenya, NADP grasses, 1997",Gramineae,Pennisetum clandestinum,-10,Abardares,c4
"Kenya, NADP grasses, 1997",Gramineae,Pennisetum schacelatum,-11.7,Samburu,c4
"Kenya, NADP grasses, 1997",Gramineae,Pennisetum schacelatum,-11.3,Samburu,c4
"Kenya, NADP grasses, 1997",Gramineae,Setaria incrasata,-12,Timau,c4
"Kenya, NADP grasses, 1997",Gramineae,Themeda triandra,-12.6,Lewa,c4
"Kenya, NADP grasses, 1997",Gramineae,Themeda triandra,-12,Athi Plains,c4
"Kenya, NADP grasses, 1997",Gramineae,Themeda triandra,-11.6,Timau,c4
"Kenya, NADP grasses, 1997",Gramineae,Themeda triandra,-11.4,Athi Plains,c4
"Kenya, NADP grasses, 1997",Gramineae,Themeda triandra,-11.4,Athi Plains,c4
"Kenya, NADP grasses, 1997",Gramineae,Themeda triandra,-11.2,Athi Plains,c4
"Kenya, NADP grasses, 1997",Gramineae,Themeda triandra,-10.9,Timau,c4
"NAD C4 grasses, 1997",Gramineae,Cynodon dactylum,-14,Mpala,c4
"NAD C4 grasses, 1997",Gramineae,Eragrostis racemosa,-13.2,Samburu,c4
"NAD C4 grasses, 1997",Gramineae,Eragrostis schweinfurthii,-13.3,Lewa,c4
"NAD C4 grasses, 1997",Gramineae,Eragrostis superba,-13.4,Mpala,c4
"NAD C4 grasses, 1997",Gramineae,Eragrostis superba,-11.9,Athi Plains,c4
"NAD C4 grasses, 1997",Gramineae,Eragrostis superba,-11.8,Athi Plains,c4
"NAD C4 grasses, 1997",Gramineae,Eragrostis superba,-13.4,Mpala,c4
"NAD C4 grasses, 1997",Gramineae,Eragrostis superba,-12.9,Mpala,c4
"NAD C4 grasses, 1997",Gramineae,Eragrostis volkensii,-11,Abardares,c4
"NAD C4 grasses, 1997",Gramineae,Eleusine jaegeri,-12.3,Abardares,c4
"NAD C4 grasses, 1997",Gramineae,Eleusine jaegeri,-13.1,Abardares,c4
"NAD C4 grasses, 1997",Gramineae,Harpachne schimperi,-13,Mpala,c4
"NAD C4 grasses, 1997",Gramineae,Harpachne schimperi,-12.6,Mpala,c4
"NAD C4 grasses, 1997",Gramineae,Sporobolus africanus,-12.8,Athi Plains,c4
"NAD C4 grasses, 1997",Gramineae,Sproborlus ioclades,-12.3,Samburu,c4
"NAD C4 grasses, 1997",Gramineae,Sporobolus spikatis,-14.2,Turkana Basin,c4
"NAD C4 grasses, 1997",Gramineae,Sporobolus spikatis,-13.8,Turkana Basin,c4
"PCK C4 grasses, 1997",Gramineae,Chloris roxberghiana,-13.2,Mpala,c4
"PCK C4 grasses, 1997",Gramineae,Chloris roxberghiana,-12.7,Mpala,c4
"PCK C4 grasses, 1997",Gramineae,Chloris virgata,-12.6,Mpala,c4
"PCK C4 grasses, 1997",Gramineae,Chloris virgata,-11.3,Mpala,c4
"PCK C4 grasses, 1997",Gramineae,Chloris virgata,-12.8,Mpala,c4
"PCK C4 grasses, 1997",Gramineae,Dactyloctenium aegyptum,-13.2,Mpala,c4
"PCK C4 grasses, 1997",Gramineae,Dactyloctenium aegyptum,-12.6,Mpala,c4
"PCK C4 grasses, 1997",Gramineae,Mirochloa kunthii,-12.7,Mpala,c4
"PCK C4 grasses, 1997",Gramineae,Mirochloa kunthii,-12,Mpala,c4
"PCK C4 grasses, 1997",Gramineae,Rhynchelytrum repens,-12.4,Mpala,c4
"PCK C4 grasses, 1997",Gramineae,Tragus berteronianus,-13.7,Mpala,c4
"NADP C4 grasses, 1962-1964",Gramineae,Themeda triandra,-10.2,Nairobi,c4
"NADP C4 grasses, 1962-1964",Gramineae,Themeda triandra,-10.3,Nairobi,c4
"NADP C4 grasses, 1962-1964",Gramineae,Themeda triandra,-10.1,Tsavo,c4
"NADP C4 grasses, 1962-1964",Gramineae,Themeda triandra,-10,Tsavo,c4
"NADP C4 grasses, 1962-1964",Gramineae,Hyparrhenia nyassa,-10.4,Thika,c4
"NADP C4 grasses, 1962-1964",Gramineae,Hyparrhenia nyassa,-10.4,Thika,c4
