d13c,category,species
-6,Aepycerotini,Aepceros melampus
2.2,Alcelaphini,Alcelaphus buselaphus
-15.3,Cephalophini,Cephalophus dorsalis
-15.2,Cephalophini,Cephalophus leucogaster
-14.5,Cephalophini,Cephalophus monticola
nan,Cephalophini,Cephalophus natalensis
-15.5,Cephalophini,Cephalophus nigrifron
-15.2,Cephalophini,Cephalophus silvicultor
-15.9,Cephalophini,Cephalophus weynsi
1.9,Alcelaphini,Connochaetes taurinus
0.3,Alcelaphini,Damaliscus hunteri
1.9,Alcelaphini,Damaliscus lunatus
-3.7,Antilopini,Gazella thomsonii
-11,Antilopini,Gazella granti
3.6,Hippotragini,Hippotragus equinus
1,Hippotragini,Hippotragus niger
0.6,Reduncini,Kobus ellipsiprymnus
1.1,Reduncini,Kobus kob
-11.8,Antilopini,Litrocranius walleri
-12.3,Neotragini,Madoqua guentheri
-12.9,Neotragini,Madoqua kirkii
-25.2,Neotragini,Neotragus batesi
nan,Neotragini,Neotragus moschatus
nan,Neotragini,Oreotragus oreotragus
-0.5,Hippotragini,Oryx gazella
-5.3,Neotragini,Ourebia ourebi
nan,Neotragini,Raphicerus campestris
1,Reduncini,Redunca fulvorufula
2.1,Reduncini,Redunca redunca
nan,Cephalophini,Sylvicapra grimmia
-6.5,Bovini,Syncerus caffer Forest
1.1,Bovini,Syncerus caffer Savanna
-10.6,Tragelaphini,Taurotragus oryx
-14.9,Tragelaphini,Tragelaphus eurycerus
-12.5,Tragelaphini,Tragelaphus imberbis
-13.9,Tragelaphini,Tragelaphus scriptus
-16.7,Tragelaphini,Tragelaphus spekii
-11.8,Tragelaphini,Tragelaphus strepsiceros
